{
  "DISTRICT|Bhiwani|Haryana": [
    28.7328101,
    75.8928296
  ],
  "DISTRICT|Fatehabad|Haryana": [
    29.5359209,
    75.5752901
  ],
  "DISTRICT|Jind|Haryana": [
    29.4494987,
    76.3736217
  ],
  "DISTRICT|Kaithal|Haryana": [
    29.8536764,
    76.4684323
  ],
  "DISTRICT|Rewari|Haryana": [
    28.2180521,
    76.5816859
  ],
  "DISTRICT|Sirsa|Haryana": [
    29.6063041,
    74.9036568
  ],
  "DISTRICT|Yamuna Nagar|Haryana": [
    28.5070188,
    77.3500466
  ],
  "DISTRICT|Faridabad|Haryana": [
    28.3584336,
    77.3268462
  ],
  "DISTRICT|Mahendragarh-Narnaul|Haryana": [
    28.0530574,
    76.1136303
  ],
  "DISTRICT|Panchkula|Haryana": [
    30.689535,
    76.9947922
  ],
  "DISTRICT|Kurukshetra|Haryana": [
    30.0606702,
    76.7631053
  ],
  "DISTRICT|Hissar|Haryana": [
    29.7016253,
    76.3119463
  ],
  "DISTRICT|Jhajar|Haryana": null,
  "DISTRICT|Panipat|Haryana": [
    29.3472909,
    76.8871622
  ],
  "DISTRICT|Mewat|Haryana": [
    28.2088016,
    77.0576632
  ],
  "DISTRICT|Palwal|Haryana": [
    28.0599426,
    77.3223422
  ],
  "DISTRICT|Gurgaon|Haryana": [
    28.3881583,
    76.96273
  ],
  "DISTRICT|Sonipat|Haryana": [
    29.0414186,
    76.922715
  ],
  "DISTRICT|Karnal|Haryana": [
    29.7255766,
    76.9106924
  ],
  "DISTRICT|Ambala|Haryana": [
    30.3435002,
    76.9493554
  ],
  "DISTRICT|Rohtak|Haryana": [
    28.8900602,
    76.5873106
  ],
  "DISTRICT|Raichur|Karnataka": [
    16.0547194,
    76.9003647
  ],
  "DISTRICT|Dharwad|Karnataka": [
    15.3707296,
    75.1332867
  ],
  "DISTRICT|Belgaum|Karnataka": [
    15.8278674,
    74.5033556
  ],
  "DISTRICT|Shimoga|Karnataka": [
    14.0556503,
    75.2380553
  ],
  "DISTRICT|Udupi|Karnataka": [
    13.5269784,
    74.8731879
  ],
  "DISTRICT|Chikmagalur|Karnataka": [
    13.3258938,
    75.7721292
  ],
  "DISTRICT|Haveri|Karnataka": [
    14.7180268,
    75.3656423
  ],
  "DISTRICT|Chamrajnagar|Karnataka": [
    11.9269937,
    76.9424311
  ],
  "DISTRICT|Mysore|Karnataka": [
    12.2891365,
    76.6268728
  ],
  "DISTRICT|Davangere|Karnataka": [
    14.4525213,
    75.9155614
  ],
  "DISTRICT|Mandya|Karnataka": [
    12.6368939,
    76.7275477
  ],
  "DISTRICT|Hassan|Karnataka": [
    13.0301853,
    76.1744968
  ],
  "DISTRICT|Kolar|Karnataka": [
    13.1805066,
    78.2669329
  ],
  "DISTRICT|Karwar(Uttar Kannad)|Karnataka": null,
  "DISTRICT|Chitradurga|Karnataka": [
    14.3049174,
    76.5296667
  ],
  "DISTRICT|Tumkur|Karnataka": [
    13.4999406,
    77.0002445
  ],
  "DISTRICT|Bagalkot|Karnataka": [
    16.8084044,
    75.7175058
  ],
  "DISTRICT|Bangalore|Karnataka": [
    13.0222347,
    77.5671832
  ],
  "DISTRICT|Bidar|Karnataka": [
    18.0207297,
    77.2487204
  ],
  "DISTRICT|Yadgiri|Karnataka": [
    16.7521226,
    77.1359224
  ],
  "DISTRICT|Kalburgi|Karnataka": [
    17.166667,
    77.083333
  ],
  "DISTRICT|Madikeri(Kodagu)|Karnataka": [
    12.4240482,
    75.7356913
  ],
  "DISTRICT|Bellary|Karnataka": [
    15.168053,
    76.8660262
  ],
  "DISTRICT|Koppal|Karnataka": [
    15.5748238,
    76.3118494
  ],
  "DISTRICT|Gadag|Karnataka": [
    15.416692,
    75.6815801
  ],
  "DISTRICT|Mangalore(Dakshin Kannad)|Karnataka": null,
  "DISTRICT|Bijapur|Karnataka": [
    16.814415,
    75.8933856
  ]
}